""," ","추가 설명 및 의견","작성자","변경 이력","","","","","","","","","","","","","","","","","","","","",""
"-","빼기","KIGO 스타일 가이드","","","","","","","","","","","","","","","","","","","","","","",""
"-","하이픈/붙임표","KIGO 스타일 가이드","","","","","","","","","","","","","","","","","","","","","","",""
"--","줄표","KIGO 스타일 가이드","","","","","","","","","","","","","","","","","","","","","","",""
",","쉼표","KIGO 스타일 가이드","","","","","","","","","","","","","","","","","","","","","","",""
";","세미콜론/쌍반점","KIGO 스타일 가이드","","","","","","","","","","","","","","","","","","","","","","",""
":","콜론/쌍점","KIGO 스타일 가이드","","","","","","","","","","","","","","","","","","","","","","",""
"!","느낌표","KIGO 스타일 가이드","","","","","","","","","","","","","","","","","","","","","","",""
"?","물음표","KIGO 스타일 가이드","","","","","","","","","","","","","","","","","","","","","","",""
"?.","?.","'옵셔널 체이닝 문법, 물음표 점'이라고 읽습니다","","","","","","","","","","","","","","","","","","","","","","",""
"?.()","?.()","'옵셔널 체이닝 문법, 물음표 괄호'라고 읽습니다","","","","","","","","","","","","","","","","","","","","","","",""
"?.[]","?.[]","'옵셔널 체이닝 문법, 물음표 대괄호'라고 읽습니다","","","","","","","","","","","","","","","","","","","","","","",""
".","마침표","KIGO 스타일 가이드","","","","","","","","","","","","","","","","","","","","","","",""
"……","줄임표","KIGO 스타일 가이드","","","","","","","","","","","","","","","","","","","","","","",""
"·","가운뎃점","KIGO 스타일 가이드","","","","","","","","","","","","","","","","","","","","","","",""
"'","작은따옴표","KIGO 스타일 가이드","","","","","","","","","","","","","","","","","","","","","","",""
"'","아포스트로피","KIGO 스타일 가이드","","","","","","","","","","","","","","","","","","","","","","",""
"""""","큰따옴표","KIGO 스타일 가이드","","","","","","","","","","","","","","","","","","","","","","",""
"(","여는 괄호","KIGO 스타일 가이드","","","","","","","","","","","","","","","","","","","","","","",""
"()","소괄호","KIGO 스타일 가이드","","","","","","","","","","","","","","","","","","","","","","",""
")","닫는 괄호","KIGO 스타일 가이드","","","","","","","","","","","","","","","","","","","","","","",""
"[]","대괄호","KIGO 스타일 가이드","","","","","","","","","","","","","","","","","","","","","","",""
"{}","중괄호","KIGO 스타일 가이드","","","","","","","","","","","","","","","","","","","","","","",""
"*","별표","KIGO 스타일 가이드","","","","","","","","","","","","","","","","","","","","","","",""
"/","슬래시/빗금","KIGO 스타일 가이드","","","","","","","","","","","","","","","","","","","","","","",""
"\","역슬래시, 원","KIGO 스타일 가이드","","","","","","","","","","","","","","","","","","","","","","",""
"&","앰퍼샌드","KIGO 스타일 가이드","","","","","","","","","","","","","","","","","","","","","","",""
"#","파운드","KIGO 스타일 가이드","","","","","","","","","","","","","","","","","","","","","","",""
"%","백분율","KIGO 스타일 가이드","","","","","","","","","","","","","","","","","","","","","","",""
"+","더하기","KIGO 스타일 가이드","","","","","","","","","","","","","","","","","","","","","","",""
"<=","부등호(이하/작거나 같음)","KIGO 스타일 가이드","","","","","","","","","","","","","","","","","","","","","","",""
"<>","꺽쇠괄호, 각괄호","KIGO 스타일 가이드","","","","","","","","","","","","","","","","","","","","","","",""
"<>","부등호(미만/보다 작음)","KIGO 스타일 가이드","","","","","","","","","","","","","","","","","","","","","","",""
"<>","같지 않음","KIGO 스타일 가이드","","","","","","","","","","","","","","","","","","","","","","",""
"=","등호(같음)","KIGO 스타일 가이드","","","","","","","","","","","","","","","","","","","","","","",""
">","부등호(초과/보다 큼)","KIGO 스타일 가이드","","","","","","","","","","","","","","","","","","","","","","",""
">=","부등호(이상/크거나 같음)","KIGO 스타일 가이드","","","","","","","","","","","","","","","","","","","","","","",""
"|","세로줄","KIGO 스타일 가이드","","","","","","","","","","","","","","","","","","","","","","",""
"||","이중 세로줄","KIGO 스타일 가이드","","","","","","","","","","","","","","","","","","","","","","",""
"~","물결표","KIGO 스타일 가이드","","","","","","","","","","","","","","","","","","","","","","",""
"$","달러","KIGO 스타일 가이드","","","","","","","","","","","","","","","","","","","","","","",""
"accessor","접근자","","","","","","","","","","","","","","","","","","","","","","","",""
"action","동작","","","","","","","","","","","","","","","","","","","","","","","",""
"alert","alert 창, 얼럿 창, 얼럿 대화상자","프론트엔드 개발자를 위한 자바스크립트 프로그래밍 책에서 '얼럿 창, 얼럿 대화상자, 대화상자'로 표기함","","","","","","","","","","","","","","","","","","","","","","",""
"alias","별칭","","","","","","","","","","","","","","","","","","","","","","","",""
"ampersands ","앰퍼샌드","","","","","","","","","","","","","","","","","","","","","","","",""
"ancestor","조상","조상 노드","","","","","","","","","","","","","","","","","","","","","","",""
"animation","애니메이션","","","","","","","","","","","","","","","","","","","","","","","",""
"appendix","부록","","","","","","","","","","","","","","","","","","","","","","","",""
"application","애플리케이션","","","","","","","","","","","","","","","","","","","","","","","",""
"architecture","아키텍처","국립국어원 외래어 표기법 참고","","","","","","","","","","","","","","","","","","","","","","",""
"argument","인수","인수는 함수 호출시 실제 전달되는 값으로, 전달 인자라고 부릅니다. 인자는 parameter, 매개변수입니다.
참고 이슈: https://github.com/javascript-tutorial/ko.javascript.info/issues/508","","","","","","","","","","","","","","","","","","","","","","",""
"array destructing","배열 구조 분해","","KB Park","","","","","","","","","","","","","","","","","","","","","",""
"array initializer","배열 초기자","","Violet-Bora-Lee","배열 이니셜라이저에서 배열 초기자로 변경","","","","","","","","","","","","","","","","","","","","",""
"array like (object)","유사 배열 (객체)","","","","","","","","","","","","","","","","","","","","","","","",""
"arrow function","화살표 함수","","","","","","","","","","","","","","","","","","","","","","","",""
"assertion","assertion","테스팅 자동화에 쓰이는 개념으로 번역하지 않음","","","","","","","","","","","","","","","","","","","","","","",""
"assignment","할당","할당, 할당 연산자 등","","","","","","","","","","","","","","","","","","","","","","",""
"assignment expression","할당 표현식","","Chris","","","","","","","","","","","","","","","","","","","","","",""
"associative array","연관 배열","최초 등장시 영문 병기","","","","","","","","","","","","","","","","","","","","","","",""
"async script","async 스크립트, 비동기 스크립트","참고: 프론트엔드 개발자를 위한 자바스크립트 프로그래밍","","","","","","","","","","","","","","","","","","","","","","",""
"attribute","속성","참고: property는 프로퍼티로 번역해야합니다.","","","","","","","","","","","","","","","","","","","","","","",""
"autocorrection","자동 고침","https://www.microsoft.com/en-us/language/Search?&searchTerm=Autocorrection&langID=457&Source=true&productid=0","","","","","","","","","","","","","","","","","","","","","","",""
"babel","바벨","","","","","","","","","","","","","","","","","","","","","","","",""
"background","백그라운드","스레드, 프로세스 개념과 함께 쓰일 때 백그라운드로 음차 번역함","","","","","","","","","","","","","","","","","","","","","","",""
"Backreference","역참조","<러닝 자바스크립트> 17장 정규표현식 파트 참조(p357)","","","","","","","","","","","","","","","","","","","","","","",""
"backslash","역슬래시","KIGO스타일가이드","","","","","","","","","","","","","","","","","","","","","","",""
"base of recursion","재귀의 베이스","base 번역안함 base case 라는 뜻인데 여러 번역글에서 base 번역하지 않고 쓰임","","기존 [재귀의 base]에서 [재귀의 베이스]로 번역어를 변경합니다. 
다수의 알고리즘 서적에서 재귀의 베이스라는 번역어를 채택하고 있고,
최대한 한글로 표현하기위함 입니다.","","","","","","","","","","","","","","","","","","","","",""
"best practice","모범 사례","https://www.microsoft.com/en-us/language/Search?&searchTerm=best%20practice&langID=457&Source=true&productid=0","","","","","","","","","","","","","","","","","","","","","","",""
"bind","바인드","최초등장시 병기표현(bind)","Chris","","","","","","","","","","","","","","","","","","","","","",""
"binding","바인딩","최초등장시 병기표시 바인딩(binding)","Chris","","","","","","","","","","","","","","","","","","","","","",""
"block","블록","","","","","","","","","","","","","","","","","","","","","","","",""
"body","본문","함수의 body는 함수의 본문이라 해석함(프론트앤드 개발자를 위한 자바스크립트 프로그래밍 참고)","","","","","","","","","","","","","","","","","","","","","","",""
"BOM","BOM","번역안함. 단, 키워드 최초 등장시는 '브라우저 객체 모델'로 병기표현 
e.g., 브라우저 객체 모델(Browser Object Model, BOM)","","","","","","","","","","","","","","","","","","","","","","",""
"boolean","불(린)값","출판사에서 boolean을 '불 값'으로 번역하는걸 권장한다고 하네요. 러닝 자바스크립트 책에서는 '불리언 값'으로 표기하고 있어서, 한글로 번역은 꼭 해주되, 번역어는 문맥에 따라 혼용하는걸로 하는게 어떨까 싶습니다","Violet-Bora-Lee","기존 번역 안함에서 불(린)값, 불린형으로 번역하기로 수정","","","","","","","","","","","","","","","","","","","","",""
"boolean type","불린형, 불(린) 자료형, 불리언 자료형 등","","","","","","","","","","","","","","","","","","","","","","","",""
"border","테두리","","","","","","","","","","","","","","","","","","","","","","","",""
"bracket ","대괄호 표기법","","","","","","","","","","","","","","","","","","","","","","","",""
"bracket(s)","괄호","","Chris","","","","","","","","","","","","","","","","","","","","","",""
"breakpoint","중단점","디버깅 시 사용됨","","","","","","","","","","","","","","","","","","","","","","",""
"browser","브라우저","","","","","","","","","","","","","","","","","","","","","","","",""
"bubbling","버블링","","","","","","","","","","","","","","","","","","","","","","","",""
"bug","버그","","","","","","","","","","","","","","","","","","","","","","","",""
"build","빌드","","","","","","","","","","","","","","","","","","","","","","","",""
"built-in","내장","","","","","","","","","","","","","","","","","","","","","","","",""
"bundle","번들","번들링, 번들러(bundler) 등으로 확장하여 사용할 수 있음. ","","","","","","","","","","","","","","","","","","","","","","",""
"byte","바이트","","davidyang2149","","","","","","","","","","","","","","","","","","","","","",""
"cache(caching)","캐시(캐싱)","","Chris","","","","","","","","","","","","","","","","","","","","","",""
"call forwarding","","번역안함 적절하다고 생각되는게 없네요. 일단 번역하지 않았습니다","Chris","","","","","","","","","","","","","","","","","","","","","",""
"callable","호출 가능한, 호출할 수 있는","","","","","","","","","","","","","","","","","","","","","","","",""
"callback","콜백","","","","","","","","","","","","","","","","","","","","","","","",""
"camel case","카멜 표기법","캐멀 케이스에서 카멜 표기법으로 통일합니다.","","","","","","","","","","","","","","","","","","","","","","",""
"capturing","캡처링","","","","","","","","","","","","","","","","","","","","","","","",""
"carriage return","캐리지 리턴","https://www.microsoft.com/en-us/language/Search?&searchTerm=carriage%20return&langID=457&Source=true&productid=0","","","","","","","","","","","","","","","","","","","","","","",""
"case","case문","https://poiemaweb.com/js-control-flow 페이지에서 case문, default문, switch문으로 표기 참고","","","","","","","","","","","","","","","","","","","","","","",""
"chapter","주제 챕터","기존에 주제로 번역하기로 했었지만, 토의결과 챕터로 변경하기로 하였습니다.","","","","","","","","","","","","","","","","","","","","","","",""
"character","글자","한 글자를 나타냄. 자바스크립트엔 글자 하나를 저장하기위한 자료형이 없습니다. 주의해주세요!","","","","","","","","","","","","","","","","","","","","","","",""
"character code","문자 코드","","","","","","","","","","","","","","","","","","","","","","","",""
"character encoding","문자 인코딩","","","","","","","","","","","","","","","","","","","","","","","",""
"cheat sheet","치트 시트","https://www.microsoft.com/en-us/language/Search?&searchTerm=%20cheat%20sheet&langID=457&Source=true&productid=0","","","","","","","","","","","","","","","","","","","","","","",""
"child node","자식 노드","","Violet-Bora-Lee","","","","","","","","","","","","","","","","","","","","","",""
"children","자식","자식 노드","","","","","","","","","","","","","","","","","","","","","","",""
"Chrome","Chrome","상품명이므로 번역하지 않음","","","","","","","","","","","","","","","","","","","","","","",""
"class","클래스","'계층 구조'로 번역되는 경우도 있음(e.g., DOM node classes), 또는 '종류'로 번역될 수 있음","","","","","","","","","","","","","","","","","","","","","","",""
"Class Components","클래스 컴포넌트","","","","","","","","","","","","","","","","","","","","","","","",""
"clause","절","","","","","","","","","","","","","","","","","","","","","","","",""
"clone","복제, 복제하기","","","","","","","","","","","","","","","","","","","","","","","",""
"closure","클로저","","Chris","","","","","","","","","","","","","","","","","","","","","",""
"Code-Splitting","코드 분할","","","","","","","","","","","","","","","","","","","","","","","",""
"collection","컬렉션","http://www.korean.go.kr/front/foreignSpell/foreignSpellView.do?mn_id=96&forgn_seq=18149&pageIndex=1","","","","","","","","","","","","","","","","","","","","","","",""
"colon","콜론, 쌍점","","","","","","","","","","","","","","","","","","","","","","","",""
"comma","쉼표","","","","","","","","","","","","","","","","","","","","","","","",""
"command","명령어","","","","","","","","","","","","","","","","","","","","","","","",""
"comment","주석","","","","","","","","","","","","","","","","","","","","","","","",""
"comment node","주석 노드","COMMENT 노드로 혼용","","","","","","","","","","","","","","","","","","","","","","",""
"compile","컴파일","","","","","","","","","","","","","","","","","","","","","","","",""
"Component","컴포넌트","","","","","","","","","","","","","","","","","","","","","","","",""
"Composition","합성","","","","","","","","","","","","","","","","","","","","","","","",""
"Computed property name","계산된 프로퍼티명","You Don’t Know JS this와 객체 프로토타입, 비동기와 성능 참고","Violet-Bora-Lee","","","","","","","","","","","","","","","","","","","","","",""
"computed style value","계산값","https://developer.mozilla.org/ko/docs/Web/CSS/computed_value","","","","","","","","","","","","","","","","","","","","","","",""
"Conditional Rendering","조건부 렌더링","","","","","","","","","","","","","","","","","","","","","","","",""
"configurable","구성 가능한","","","","","","","","","","","","","","","","","","","","","","","",""
"confirm","컨펌 대화상자","프론트엔드 개발자를 위한 자바스크립트 프로그래밍. 최초 등장시 컨펌(confirm) 대화상자로 한-영 병기","","","","","","","","","","","","","","","","","","","","","","",""
"console","콘솔","","","","","","","","","","","","","","","","","","","","","","","",""
"construct","문법 (구조), 구문","프로그래밍 전반적으로 쓰이는 용어로, 문법, 문법 구조 등으로 번역하는게 좋아보입니다.
https://stackoverflow.com/questions/12242437/what-precisely-is-a-construct-in-javascript
https://www.microsoft.com/en-us/language/Search?&searchTerm=construct&langID=457&Source=true&productid=0","","가존에 문법 혹은 문법 구조로 번역하던 것을 구문으로 혼합해 사용하도록 변경합니다. 마이크로소프토 용어집 참고.","","","","","","","","","","","","","","","","","","","","",""
"constructor","생성자","","Violet-Bora-Lee","기존에 번역 안함에서, 생성자로 변경합니다","","","","","","","","","","","","","","","","","","","","",""
"contents","콘텐츠","","","","","","","","","","","","","","","","","","","","","","","",""
"context","컨텍스트","인사이드 자바스크립트 책도 컨텍스트로 사용","","","","","","","","","","","","","","","","","","","","","","",""
"context menu","컨텍스트 메뉴","브라우저에서 마우스 우클릭시 나타나는 메뉴","","","","","","","","","","","","","","","","","","","","","","",""
"contextual name","contextual name","번역안함","Chris","","","","","","","","","","","","","","","","","","","","","",""
"control flow","제어 흐름","","","","","","","","","","","","","","","","","","","","","","","",""
"convention","컨벤션, 관습","문맥에 따라 컨벤션과 관습을 적절히 선택해 사용합니다.","","","","","","","","","","","","","","","","","","","","","","",""
"core","코어","core javascript는, 코어 자바스크립트(core JavaScript)로 번역합니다","","","","","","","","","","","","","","","","","","","","","","",""
"Create React App","Create React App","번역 안함 / 크리에이트 리액트 앱(조사에 활용)","","","","","","","","","","","","","","","","","","","","","","",""
"credential","자격 증명","","","","","","","","","","","","","","","","","","","","","","","",""
"cross-platform","크로스 플랫폼","","","","","","","","","","","","","","","","","","","","","","","",""
"curly brace","중괄호","{}","","","","","","","","","","","","","","","","","","","","","","",""
"curring","커링","수학자 하스켈 커리로 부터 유래된 함수를 변형하는 과정을 뜻함. 최초등장시 병기표시 ""커링(curring)""
","Chris","","","","","","","","","","","","","","","","","","","","","",""
"curring function","커링 함수","","Chris","","","","","","","","","","","","","","","","","","","","","",""
"custom","커스텀, 사용자 지정","","","","","","","","","","","","","","","","","","","","","","","",""
"dash","대시(기호)","대시 기호(—)","","","","","","","","","","","","","","","","","","","","","","",""
"data","데이터","","","","","","","","","","","","","","","","","","","","","","","",""
"data structure","자료 구조","","","","","","","","","","","","","","","","","","","","","","","",""
"data type","자료형, 데이터 타입(혼용)","","","","","","","","","","","","","","","","","","","","","","","",""
"dataset","dataset","번역안함","","","","","","","","","","","","","","","","","","","","","","",""
"debounce","디바운스","","rovin0805","","","","","","","","","","","","","","","","","","","","","",""
"debugging","디버깅","","","","","","","","","","","","","","","","","","","","","","","",""
"declaration","선언","cf. definition은 정의","Violet-Bora-Lee","","","","","","","","","","","","","","","","","","","","","",""
"Declarative","선언적인","","","","","","","","","","","","","","","","","","","","","","","",""
"decode","디코드","디코딩. 번역하지 않고 발음 그대로 한글 표기","","","","","","","","","","","","","","","","","","","","","","",""
"decorator","데코레이터","최초등장시 데코레이터(decorator)로 병기","Chris","","","","","","","","","","","","","","","","","","","","","",""
"deep cloning","깊은 복사","객체 복제시 사용되는 용어","","","","","","","","","","","","","","","","","","","","","","",""
"default","default문","","","","","","","","","","","","","","","","","","","","","","","",""
"defer script","defer 스크맄트, 지연 스크립트","참고: 프론트엔드 개발자를 위한 자바스크립트 프로그래밍","","","","","","","","","","","","","","","","","","","","","","",""
"definition","정의","정의는 선언과 함께 값을 부여하는 것을 의미함. 자바스크립트에선 모든 변수를 선언하는 동시에 값이 주어지므로(명시적으로 선언하지 않았을 때 undefined가 암시적으로 할당됨) 정의와 선언을 구분하지 않음 / cf. declaration은 선언 /","Violet-Bora-Lee","","","","","","","","","","","","","","","","","","","","","",""
"deque","양단 대기열","a double-ended queue 의 줄임말","","","","","","","","","","","","","","","","","","","","","","",""
"derived class","하위 클래스","기존에 출판된 JAVA책에서 상속관계에 있는 클래스를 상위클래스와 하위클래스로 번역하고 있습니다. ","OMEGA-Y","","","","","","","","","","","","","","","","","","","","","",""
"descendant","후손","후손 노드를 나타낼 때 쓰임","","","","","","","","","","","","","","","","","","","","","","",""
"descriptor","설명자","https://www.microsoft.com/en-us/language/Search?&searchTerm=descriptor&langID=457&Source=true&productid=0","","","","","","","","","","","","","","","","","","","","","","",""
"destructuring assignment","구조 분해 할당","mdn","","","","","","","","","","","","","","","","","","","","","","",""
"diagram","다이어그램","","","","","","","","","","","","","","","","","","","","","","","",""
"directive","지시자","","","","","","","","","","","","","","","","","","","","","","","",""
"directory","디렉터리","http://kornorms.korean.go.kr/example/exampleList.do","","","","","","","","","","","","","","","","","","","","","","",""
"document","문서","","","","","","","","","","","","","","","","","","","","","","","",""
"document","document","document 객체를 나타낼 때는 '문서'로 번역하지 않음","kbpark","","","","","","","","","","","","","","","","","","","","","",""
"document","document","document 객체를 나타낼 때는 '문서'로 번역하지 않음","kbpark","","","","","","","","","","","","","","","","","","","","","",""
"DOM","DOM","번역안함. 키워드 최초 등장시 '문서 객체 모델(Document Object Model, DOM))'로 병기표현 / 돔으로 읽음(조사에 활용)","","","","","","","","","","","","","","","","","","","","","","",""
"domain","","","","","","","","","","","","","","","","","","","","","","","","",""
"dot notation","점 표기법","객체 프로퍼티에 접근할 때 쓰임(대괄호 표기법도 존재함)","","","","","","","","","","","","","","","","","","","","","","",""
"Dotall","번역 안함","닷올'로 읽고, 정규 표현식에서 '.'(마침표, dot) 문자가 개행문자(\n)을 포함한 모든(all) 문자를 포함한다는 의미라고 합니다.","KB Park","","","","","","","","","","","","","","","","","","","","","",""
"drag'n'drop","드래그 앤 드롭","프론트엔드 개발자를 위한 자바스크립트 프로그래밍에 드래그 앤 드롭으로 번역하고 있습니다.","KimHunJin","","","","","","","","","","","","","","","","","","","","","",""
"dynamic programming","다이내믹 프로그래밍","dynamic은 외래어 표기법에 의해 '다이내믹'으로 번역합니다.","","","","","","","","","","","","","","","","","","","","","","",""
"dynamic typed","동적 타이핑","","","","","","","","","","","","","","","","","","","","","","","",""
"Edge","Edge","마이크로소프트사의 브라우저로 상품명이므로 번역하지 않음","","","","","","","","","","","","","","","","","","","","","","",""
"edge case","에지 케이스","테스팅 용어. 코너 케이스(corner case), 경계 케이스(boundry case) 등이 있음","","","","","","","","","","","","","","","","","","","","","","",""
"editor","에디터, 편집기","","","","","","","","","","","","","","","","","","","","","","","",""
"element","요소","","","","","","","","","","","","","","","","","","","","","","","",""
"Element node","요소 노드","Element 노드로 혼용","","","","","","","","","","","","","","","","","","","","","","",""
"Embedding Expressions","표현식 포함하기","","","","","","","","","","","","","","","","","","","","","","","",""
"encode","인코드","인코딩. 번역하지 않고 발음 그대로 한글 표기","","","","","","","","","","","","","","","","","","","","","","",""
"engine","엔진","","","","","","","","","","","","","","","","","","","","","","","",""
"entity","개체","https://developer.mozilla.org/ko/docs/Web/JavaScript/Guide/Working_with_Objects","","","","","","","","","","","","","","","","","","","","","","",""
"entity","엔티티","http://www.w3c.or.kr/i18n/","","","","","","","","","","","","","","","","","","","","","","",""
"enumerable","열거 가능한, 열거형","https://www.microsoft.com/en-us/language/Search?&searchTerm=enumerable&langID=457&Source=true&productid=0","Violet-Bora-Lee","","","","","","","","","","","","","","","","","","","","","",""
"environment","(호스트) 환경","문맥이 '자바스크립트가 돌아가는 환경'일때는 호스트 환경으로 번역(개발 환경과는 다름!)","","","","","","","","","","","","","","","","","","","","","","",""
"environment","호스트 환경","","","","","","","","","","","","","","","","","","","","","","","",""
"Environment Record","환경 레코드","초보자를 위한 Javascript 200제 참고","","","","","","","","","","","","","","","","","","","","","","",""
"Equality","동등 연산자","==","","","","","","","","","","","","","","","","","","","","","","",""
"error","에러","","","","","","","","","","","","","","","","","","","","","","","",""
"error-first callback","오류 우선 콜백","러닝 자바스크립트 참고","Violet-Bora-Lee","","","","","","","","","","","","","","","","","","","","","",""
"escape character","이스케이프 문자","https://www.microsoft.com/en-us/language/Search?&searchTerm=escape%20character&langID=457&Source=true&productid=0","","","","","","","","","","","","","","","","","","","","","","",""
"example","예시","","","","","","","","","","","","","","","","","","","","","","","",""
"execution","실행","","","","","","","","","","","","","","","","","","","","","","","",""
"execution context ","실행 컨텍스트","","Chris","","","","","","","","","","","","","","","","","","","","","",""
"execution flow","실행 흐름","","","","","","","","","","","","","","","","","","","","","","","",""
"execution stack","실행 스택","","","","","","","","","","","","","","","","","","","","","","","",""
"executor","executor","프라미스에 쓰이는 콜백 함수. 번역 안함. 최초 등장시 executor(실행자, 실행 함수)로 병기하여 표현","Violet-Bora-Lee","","","","","","","","","","","","","","","","","","","","","",""
"exotic object","특수 객체","https://tc39.es/ecma262/#exotic-object","","","","","","","","","","","","","","","","","","","","","","",""
"exponentiation","거듭제곱","거듭제곱 연산자","","","","","","","","","","","","","","","","","","","","","","",""
"export","내보내기","모듈관련 article에서 동사로 쓰이는 경우, 내보내다를 원형으로 해석","","","","","","","","","","","","","","","","","","","","","","",""
"expression","표현식","표현식(expression)은 값으로 평가될 수 있는 문(statement)임.","","","","","","","","","","","","","","","","","","","","","","",""
"External Plugins","외부 플러그인","","","","","","","","","","","","","","","","","","","","","","","",""
"factory method","팩토리 메서드","","Chris","","","","","","","","","","","","","","","","","","","","","",""
"false","false","번역안함","","","","","","","","","","","","","","","","","","","","","","",""
"falsy","falsy","개념이 최초로 나오는 글에서 falsy(거짓 같은 값)으로 영-한 병기해주고, 다른 기타 글에서는 번역하지 않음","","기존에 '거짓 같은 값'으로 번역하였다가 번역하지 않음으로 바꿉니다.","","","","","","","","","","","","","","","","","","","","",""
"feature","기능","","","","","","","","","","","","","","","","","","","","","","","",""
"field","필드(필드값)","","","","","","","","","","","","","","","","","","","","","","","",""
"Firefox","파이어폭스","","","","","","","","","","","","","","","","","","","","","","","",""
"Firefox","Firefox","브라우저는 상품명이므로 번역하지 않음","","","","","","","","","","","","","","","","","","","","","","",""
"flag","플래그","","KB Park","","","","","","","","","","","","","","","","","","","","","",""
"flag","플래그","https://www.microsoft.com/en-us/language/Search?&searchTerm=flag&langID=457&Source=true&productid=undefined","","","","","","","","","","","","","","","","","","","","","","",""
"floating point number","부동소수점 숫자","","","","","","","","","","","","","","","","","","","","","","","",""
"for instance:","예시:","(주어, 동사가 있는 완전한) 문장에는 콜론을 붙지지 않도록 합시다.(한글에서는 잘 쓰지 않는 표기법임)","","","","","","","","","","","","","","","","","","","","","","",""
"form","폼","","","","","","","","","","","","","","","","","","","","","","","",""
"formal argument","매개변수","","","","","","","","","","","","","","","","","","","","","","","",""
"format","형식, 서식, 종류 등으로 문맥에 맞게 사용","https://www.microsoft.com/en-us/language/Search?&searchTerm=format&langID=457&Source=true&productid=0","","","","","","","","","","","","","","","","","","","","","","",""
"fragments","fragments","번역 안함 / 프래그먼츠. 단수형은 프래그먼트로 읽음","","","","","","","","","","","","","","","","","","","","","","",""
"frame","프레임","","ohdajung","","","","","","","","","","","","","","","","","","","","","",""
"fulfilled","성공, 처리, 이행","프라미스에서 사용, 러닝 자바스크립트 번역 참고","","","","","","","","","","","","","","","","","","","","","","",""
"function","함수","","","","","","","","","","","","","","","","","","","","","","","",""
"Function / Functional Components","함수 컴포넌트","","","","","","","","","","","","","","","","","","","","","","","",""
"Function Declaration","함수 선언(문)","","","","","","","","","","","","","","","","","","","","","","","",""
"function expression","함수 표현식","","","","","","","","","","","","","","","","","","","","","","","",""
"garbage collection","가비지 컬렉션","","","","","","","","","","","","","","","","","","","","","","","",""
"generator","제너레이터","","","","","","","","","","","","","","","","","","","","","","","",""
"generic","제네릭","","Chris","","","","","","","","","","","","","","","","","","","","","",""
"geometry","기하","좌표 관련 내장 메서드에서 쓰이는 용어","","","","","","","","","","","","","","","","","","","","","","",""
"getter","getter","번역 안함, 최초 등장시에만 `획득자`라고 영한 병기해줌 e.g.getter(획득자)","","","","","","","","","","","","","","","","","","","","","","",""
"global","전역","","","","","","","","","","","","","","","","","","","","","","","",""
"global symbol registry","전역 심볼 레지스트리","","","","","","","","","","","","","","","","","","","","","","","",""
"Google","Google","회사명은 번역하지 않음","","","","","","","","","","","","","","","","","","","","","","",""
"handler","핸들러","","","","","","","","","","","","","","","","","","","","","","","",""
"handling","핸들링","","","","","","","","","","","","","","","","","","","","","","","",""
"Handling Events","이벤트 처리","","","","","","","","","","","","","","","","","","","","","","","",""
"header","헤더","","","","","","","","","","","","","","","","","","","","","","","",""
"helper","헬퍼(helper)","번역안하거나 음차번역","Chris","","","","","","","","","","","","","","","","","","","","","",""
"hex color","16진수 색","ms terms","","","","","","","","","","","","","","","","","","","","","","",""
"hidden property","숨김 프로퍼티","","","","","","","","","","","","","","","","","","","","","","","",""
"hierarchy","계층 구조","https://www.microsoft.com/en-us/language/Search?&searchTerm=hierarchy&langID=457&Source=true&productid=0","","","","","","","","","","","","","","","","","","","","","","",""
"higher order component","고차 컴포넌트","","","","","","","","","","","","","","","","","","","","","","","",""
"hoisting","호이스팅","https://developer.mozilla.org/ko/docs/Glossary/Hoisting","Chris","","","","","","","","","","","","","","","","","","","","","",""
"Hook","Hook","번역 안함 / 훅으로 읽음","","","","","","","","","","","","","","","","","","","","","","",""
"Horizontal Ellipsis","생략 부호","","","","","","","","","","","","","","","","","","","","","","","",""
"host","호스트","","","","","","","","","","","","","","","","","","","","","","","",""
"HTML","HTML","번역안함","","","","","","","","","","","","","","","","","","","","","","",""
"HTML attribute","HTML 속성","","","","","","","","","","","","","","","","","","","","","","","",""
"HTTP authentication","HTTP 인증","","","","","","","","","","","","","","","","","","","","","","","",""
"hyphens ","하이픈","","","","","","","","","","","","","","","","","","","","","","","",""
"identifier","식별자","","","","","","","","","","","","","","","","","","","","","","","",""
"Identity / strict equality","일치 연산자","===","","","","","","","","","","","","","","","","","","","","","","",""
"IIFE","즉시 실행 함수 표현식","Immediately Invoked Function Expressions의 줄임말","Chris","기존 번역안함에서 즉시 실행 함수 표현식으로 번역하기로 합의하였습니다.","","","","","","","","","","","","","","","","","","","","",""
"import","가져오기","모듈관련 article에서 동사로 쓰이는 경우, 가져오다를 원형으로 해석","","","","","","","","","","","","","","","","","","","","","","",""
"imprinted","각인","","Chris","","","","","","","","","","","","","","","","","","","","","",""
"indent","들여쓰기","","","","","","","","","","","","","","","","","","","","","","","",""
"index","인덱스","","","","","","","","","","","","","","","","","","","","","","","",""
"Inequality Operator","부등 연산자","!=","","","","","","","","","","","","","","","","","","","","","","",""
"information hiding","정보 은닉","","","","","","","","","","","","","","","","","","","","","","","",""
"Inheritance","상속","","","","","","","","","","","","","","","","","","","","","","","",""
"inline","인라인","인라인 스크립트 등의 맥락에서 사용합니다.","","","","","","","","","","","","","","","","","","","","","","",""
"input field","입력 필드","","","","","","","","","","","","","","","","","","","","","","","",""
"instance","인스턴스","","","","","","","","","","","","","","","","","","","","","","","",""
"internal object","내부 객체","","","","","","","","","","","","","","","","","","","","","","","",""
"Internet Explorer","Internet Explorer","브라우저는 상품명이므로 번역하지 않음","","","","","","","","","","","","","","","","","","","","","","",""
"introduction","소개","","","","","","","","","","","","","","","","","","","","","","","",""
"introspection","내부검사","프로그램이 객체의 타입이나 프로퍼티를 검사하는것","Chris","","","","","","","","","","","","","","","","","","","","","",""
"iterable","이터러블","키워드 최초 등장시, 반복 가능한(iterable, 이터러블) 객체로 써주고, 
본문에 해당 단어가 여러번 등장하면 반복 가능한 객체, 이터러블, 이터러블 객체를 혼용해서 씀.
★되도록이면 '이터러블'을 사용","","기존 번역안함에서 변경하였습니다. 참고 이슈: https://github.com/javascript-tutorial/ko.javascript.info/issues/69","","","","","","","","","","","","","","","","","","","","",""
"iteration","반복, 이터레이션","반복(iteration, 이터레이션)","","","","","","","","","","","","","","","","","","","","","","",""
"iterator","iterator","번역안함","","","","","","","","","","","","","","","","","","","","","","",""
"javascript","자바스크립트","","","","","","","","","","","","","","","","","","","","","","","",""
"JavaScript libraries","자바스크립트 라이브러리","","Chris","","","","","","","","","","","","","","","","","","","","","",""
"key","키","","","","","","","","","","","","","","","","","","","","","","","",""
"label","레이블","","","","","","","","","","","","","","","","","","","","","","","",""
"level","레벨","","","","","","","","","","","","","","","","","","","","","","","",""
"lexical","렉시컬","최초 등장시 렉시컬(lexical, 정적, 어휘적)으로 병기해서 사용해줌","Violet-Bora-Lee","","","","","","","","","","","","","","","","","","","","","",""
"Lexical Environment","렉시컬 환경","초보자를 위한 Javascript 200제 참고","","","","","","","","","","","","","","","","","","","","","","",""
"lifecycle","생명주기","","","","","","","","","","","","","","","","","","","","","","","",""
"line","행, 줄, 라인","","","","","","","","","","","","","","","","","","","","","","","",""
"line break","줄바꿈","","","","","","","","","","","","","","","","","","","","","","","",""
"linked list","연결 리스트","","","","","","","","","","","","","","","","","","","","","","","",""
"linter","linter","","","","","","","","","","","","","","","","","","","","","","","",""
"literal","리터럴(표기법)","정보를 표현하는 방법, 정보를 표현하는 기호","","","","","","","","","","","","","","","","","","","","","","",""
"local","지역, 로컬","지역 변수 등에서는 번역을 하고, local network, local server 같은 경우에는 '로컬'로 음차번역함","","","","","","","","","","","","","","","","","","","","","","",""
"log","로그","","","","","","","","","","","","","","","","","","","","","","","",""
"loop","반복문","for / while  과 같이 사용시 for 문 / while 문 또는 반복문으로 사용가능","Chris","","","","","","","","","","","","","","","","","","","","","",""
"Mac","Mac","운영체제명은 번역하지 않음","","","","","","","","","","","","","","","","","","","","","","",""
"manual","매뉴얼","","","","","","","","","","","","","","","","","","","","","","","",""
"margin","마진","패딩 역시 여백으로 해석될 수 있기 때문에, padding과 margin은 각각 패딩과 마진으로 번역","","","","","","","","","","","","","","","","","","","","","","",""
"markup","마크업","","","","","","","","","","","","","","","","","","","","","","","",""
"match","일치 항목","정규표현식에서 match 라는 단어가 나올 때 일치 항목이라고 번역했습니다.","KB Park","","","","","","","","","","","","","","","","","","","","","",""
"mechanism","매커니즘","","Chris","","","","","","","","","","","","","","","","","","","","","",""
"megabyte","메가바이트","","","","","","","","","","","","","","","","","","","","","","","",""
"member function","멤버 함수","","","","","","","","","","","","","","","","","","","","","","","",""
"member variable","멤버 변수","","","","","","","","","","","","","","","","","","","","","","","",""
"memory","메모리","","","","","","","","","","","","","","","","","","","","","","","",""
"message","메시지","","","","","","","","","","","","","","","","","","","","","","","",""
"method","메서드","","","","","","","","","","","","","","","","","","","","","","","",""
"method shorthand","메서드 단축 구문","https://developer.mozilla.org/ko/docs/Web/JavaScript/Reference/Functions/Method_definitions","","","","","","","","","","","","","","","","","","","","","","",""
"microsecond","마이크로초","","","","","","","","","","","","","","","","","","","","","","","",""
"Microsoft","Microsoft","회사명은 번역하지 않음","","","","","","","","","","","","","","","","","","","","","","",""
"millisecond","밀리초","","","","","","","","","","","","","","","","","","","","","","","",""
"minifier","압축기","","","","","","","","","","","","","","","","","","","","","","","",""
"minus, subtraction ","뺄셈","뺄셈 연산자","","","","","","","","","","","","","","","","","","","","","","",""
"Mixin","Mixin, 믹스인","원문과 음차어를 혼용해서 사용함
https://www.microsoft.com/en-us/language/Search?&searchTerm=mixin&langID=457&Source=true&productid=0","","","","","","","","","","","","","","","","","","","","","","",""
"mock","모의","","","","","","","","","","","","","","","","","","","","","","","",""
"modal","모달","","Chris","","","","","","","","","","","","","","","","","","","","","",""
"Modal window","모달 창","","","","","","","","","","","","","","","","","","","","","","","",""
"model","모델","","","","","","","","","","","","","","","","","","","","","","","",""
"modern","모던(한)","현대적인 으로 번역할 수 있으나, 조금 동떨어진 개념 같아서 '모던(한)'으로 번역을 통일하고자 용어집에 추가합니다. 
사전에도 '모던(한)'으로 번역할 수 있도록 허용하고 있습니다.","","","","","","","","","","","","","","","","","","","","","","",""
"module","모듈","","Chris","","","","","","","","","","","","","","","","","","","","","",""
"mount","마운트","","","","","","","","","","","","","","","","","","","","","","","",""
"multiplication ","곱셈","곱셈 연산자","","","","","","","","","","","","","","","","","","","","","","",""
"mutation observer","뮤테이션 옵저버","","kyujonglee","","","","","","","","","","","","","","","","","","","","","",""
"named collection","명명된 컬렉션","https://www.microsoft.com/en-us/language/Search?&searchTerm=named%20collection&langID=457&Source=true&productid=0","","","","","","","","","","","","","","","","","","","","","","",""
"named collection","기명 컬렉션","명명된 컬렉션'이란 번역어로 등록했던 용어인데 리뷰를 거쳐 번역어가 변경되었습니다.","yourankim","","","","","","","","","","","","","","","","","","","","","",""
"named function expression","기명 함수 표현식","","","","","","","","","","","","","","","","","","","","","","","",""
"namespace","네임스페이스","","","","","","","","","","","","","","","","","","","","","","","",""
"native","네이티브","","Chris","","","","","","","","","","","","","","","","","","","","","",""
"nested function","중첩 함수","초보자를 위한 Javascript 200제 참고","","","","","","","","","","","","","","","","","","","","","","",""
"network","네트워크","","","","","","","","","","","","","","","","","","","","","","","",""
"network request","네트워크 요청","","","","","","","","","","","","","","","","","","","","","","","",""
"newline character","줄 바꿈 문자","https://www.microsoft.com/en-us/language/Search?&searchTerm=newline%20character&langID=457&Source=true&productid=0","","","","","","","","","","","","","","","","","","","","","","",""
"NFE","명시된 함수표현 식","","Chris","","","","","","","","","","","","","","","","","","","","","",""
"node","노드","","","","","","","","","","","","","","","","","","","","","","","",""
"non-configurable","구성 가능하지 않은","https://www.microsoft.com/en-us/language/Search?&searchTerm=non-configurable&langID=457&Source=true&productid=0","","","","","","","","","","","","","","","","","","","","","","",""
"Non-identity / strict inequality","불일치 연산자","!==","","","","","","","","","","","","","","","","","","","","","","",""
"non-promise","프라미스가 아닌 객체","","","","","","","","","","","","","","","","","","","","","","","",""
"non-standard","비표준","","","","","","","","","","","","","","","","","","","","","","","",""
"note","노트","","","","","","","","","","","","","","","","","","","","","","","",""
"note","주의","","","","","","","","","","","","","","","","","","","","","","","",""
"null","null","번역안함","","","","","","","","","","","","","","","","","","","","","","",""
"nullish coalescing operator","nullish 병합 연산자","기존에 null 병합 연산자로 번역하였는데, 부정확하여 nullish 병합 연산자로 수정(12/22/2021)","보라","","","","","","","","","","","","","","","","","","","","","",""
"number type","숫자, 숫자형","","","","","","","","","","","","","","","","","","","","","","","",""
"object","객체","","","","","","","","","","","","","","","","","","","","","","","",""
"object initializer","객체 초기자","","","","","","","","","","","","","","","","","","","","","","","",""
"object wrapper","원시 래퍼 객체","https://developer.mozilla.org/ko/docs/Glossary/Primitive#JavaScript%EC%97%90%EC%84%9C%EC%9D%98_%EC%9B%90%EC%8B%9C_%EB%9E%98%ED%8D%BC_%EA%B0%9D%EC%B2%B4","","","","","","","","","","","","","","","","","","","","","","",""
"Opera","Opera","브라우저는 상품명이므로 번역하지 않음","","","","","","","","","","","","","","","","","","","","","","",""
"operand","피연산자","","","","","","","","","","","","","","","","","","","","","","","",""
"operation","연산","","","","","","","","","","","","","","","","","","","","","","","",""
"operator","연산자","","","","","","","","","","","","","","","","","","","","","","","",""
"optimize","최적화(하다)","","","","","","","","","","","","","","","","","","","","","","","",""
"optional chaining","옵셔널 체이닝","","","","","","","","","","","","","","","","","","","","","","","",""
"outer","외부","","","","","","","","","","","","","","","","","","","","","","","",""
"Outer Lexical Environment","외부 렉시컬 환경","초보자를 위한 Javascript 200제 참고","","","","","","","","","","","","","","","","","","","","","","",""
"overriding","오버라이딩","","Chris","","","","","","","","","","","","","","","","","","","","","",""
"package","패키지","","","","","","","","","","","","","","","","","","","","","","","",""
"padding","패딩","마진 역시 여백으로 해석될 수 있기 때문에, padding과 margin은 각각 패딩과 마진으로 번역","","","","","","","","","","","","","","","","","","","","","","",""
"page reloding","새로 고침","새로고침으로 붙여쓰지 않고, 새로 고침으로 띄워씀","","","","","","","","","","","","","","","","","","","","","","",""
"pane","패널","Sources 패널, Network 패널 등과 같이 크롬 개발자 도구에서 쓰이는 작은 보조 창
https://developers.google.com/web/tools/chrome-devtools/sources?hl=ko","","","","","","","","","","","","","","","","","","","","","","",""
"parallel computations","병렬 계산","","","","","","","","","","","","","","","","","","","","","","","",""
"parameter","매개변수","함수에 전달되는 데이터를 가리키는 변수로, 인자라고 부르기도 합니다. 인수를 담는 변수입니다.
참고 이슈: https://github.com/javascript-tutorial/ko.javascript.info/issues/508","","","","","","","","","","","","","","","","","","","","","","",""
"parent","부모","부모 노드","","","","","","","","","","","","","","","","","","","","","","",""
"parentheses","괄호","","OMEGA-Y","","","","","","","","","","","","","","","","","","","","","",""
"parse-time","parse-time","번역안함","","","","","","","","","","","","","","","","","","","","","","",""
"parsing","파싱","","","","","","","","","","","","","","","","","","","","","","","",""
"part","대 단원","","","","","","","","","","","","","","","","","","","","","","","",""
"partial (partials)","번역안함","함수를 부분적으로 변형하는 .partial 메서드 같은 방법","Chris","","","","","","","","","","","","","","","","","","","","","",""
"partial application","부분 적용","함수형 프로그래밍에서 쓰이는 용어
https://github.com/indongyoo/functional-javascript/wiki/4.2-%EB%B6%80%EB%B6%84-%EC%A0%81%EC%9A%A9","","","","","","","","","","","","","","","","","","","","","","",""
"partial function application","partial 함수 적용","application 이 적용이라는 표현으로 partial 함수를 적용한다는 의미로 쓰임
","Chris","","","","","","","","","","","","","","","","","","","","","",""
"Pattern","패턴","","KB Park","","","","","","","","","","","","","","","","","","","","","",""
"platform","플랫폼","","","","","","","","","","","","","","","","","","","","","","","",""
"plus, addition","덧셈","또는 덧셈 연산자","","","","","","","","","","","","","","","","","","","","","","",""
"pointer","포인터","마우스 포인터","","","","","","","","","","","","","","","","","","","","","","",""
"polyfill","폴리필","일반적으로 한글로 폴리필이라 부름. 멀티브라우저를 지원하기위해 그 기능을 구현하는것","Chris","","","","","","","","","","","","","","","","","","","","","",""
"portal","포탈","","","","","","","","","","","","","","","","","","","","","","","",""
"practice","관습, 관례","","","","","","","","","","","","","","","","","","","","","","","",""
"primise","primise","영문표기","","","","","","","","","","","","","","","","","","","","","","",""
"primises chaining","primise 연결하기","책 <모던자바스크립트입문, 이소히로시 길벗출판사> 참고","","","","","","","","","","","","","","","","","","","","","","",""
"primitive type","원시형, 원시 타입","","","","","","","","","","","","","","","","","","","","","","","",""
"primitive(s)","원시값","","","","","","","","","","","","","","","","","","","","","","","",""
"process","프로세스","","","","","","","","","","","","","","","","","","","","","","","",""
"production server","프로덕션 서버","개발 및 프로덕션 서버를 구분 짓기위한 용어. https://www.ibm.com/support/knowledgecenter/ko/SSQP76_8.7.1/com.ibm.odm.itoa.config/topics/con_topologies.html","","","","","","","","","","","","","","","","","","","","","","",""
"programmer","프로그래머","","minseokkang8571","","","","","","","","","","","","","","","","","","","","","",""
"promise","프라미스","","","","","","","","","","","","","","","","","","","","","","","",""
"prompt","프롬프트 대화상자","프론트엔드 개발자를 위한 자바스크립트 프로그래밍. 최초 등장시 프롬프트(confirm) 대화상자로 한-영 병기","","","","","","","","","","","","","","","","","","","","","","",""
"property","프로퍼티","","","","","","","","","","","","","","","","","","","","","","","",""
"proposal","제안","tc-39의 proposal","","","","","","","","","","","","","","","","","","","","","","",""
"props","props","번역 안함 / 프로퍼티즈. 단수형이라면 프로퍼티로 읽음","","","","","","","","","","","","","","","","","","","","","","",""
"prototype","프로토타입","","","","","","","","","","","","","","","","","","","","","","","",""
"proxy","프락시","","","","","","","","","","","","","","","","","","","","","","","",""
"pseudo-class","가상 클래스","","","","","","","","","","","","","","","","","","","","","","","",""
"pseudo-element","의사 요소","https://www.microsoft.com/en-us/language/Search?&searchTerm=pseudo%20element&langID=457&Source=true&productid=0","","","","","","","","","","","","","","","","","","","","","","",""
"pseudocode","의사코드","최초등장시 (슈도코드, pseudocode)로 병기","Chris","","","","","","","","","","","","","","","","","","","","","",""
"question mark operator","물음표 연산자","","","","","","","","","","","","","","","","","","","","","","","",""
"queue","대기열","","","","","","","","","","","","","","","","","","","","","","","",""
"raising","올리기","호이스팅에서 부가설명으로 사용, ""올리다""라는 표현이 적절","Chris","","","","","","","","","","","","","","","","","","","","","",""
"real array","정규 배열","순수한 Array를 나타낼때 쓰이고 있는데 ""실제"" ""정식"" ""진짜"" 등을 쓸경우 표현이 부적절하여 정규배열이 알맞다고 생각함","Chris","","","","","","","","","","","","","","","","","","","","","",""
"reconciliation","재조정","","","","","","","","","","","","","","","","","","","","","","","",""
"recursion","재귀","","Chris","","","","","","","","","","","","","","","","","","","","","",""
"recursive","재귀적인","","Chris","","","","","","","","","","","","","","","","","","","","","",""
"recursive traversals","재귀적인 순회들","","Chris","","","","","","","","","","","","","","","","","","","","","",""
"ref","ref","번역 안함 / 레퍼런스로 읽음","","","","","","","","","","","","","","","","","","","","","","",""
"reference","참고","본문에서 링크된 주소를 참고하라는 의미로 사용 ","Chris","","","","","","","","","","","","","","","","","","","","","",""
"reference type","참조 타입","","","","","","","","","","","","","","","","","","","","","","","",""
"regexp","정규식","","OMEGA-Y","","","","","","","","","","","","","","","","","","","","","",""
"regular expression","정규 표현식","","","","","","","","","","","","","","","","","","","","","","","",""
"reject","reject","프라미스의 콜백함수인 reject는 함수이름이기 때문에 번역안함","","","","","","","","","","","","","","","","","","","","","","",""
"rejected","실패, 거부됨","프라미스에서 사용, 러닝 자바스크립트 번역 참고","","","","","","","","","","","","","","","","","","","","","","",""
"rejection handler","rejection 핸들러","","","","","","","","","","","","","","","","","","","","","","","",""
"remote server","원격 서버","","","","","","","","","","","","","","","","","","","","","","","",""
"render","렌더링하다","","","","","","","","","","","","","","","","","","","","","","","",""
"repository","리포지토리","https://www.microsoft.com/en-us/language/Search?&searchTerm=repository&langID=457&Source=true&productid=0","","","","","","","","","","","","","","","","","","","","","","",""
"resolve","resolve","프라미스의 콜백함수인 resolve를 나타내는 경우는 함수이름이기 때문에 번역안함","","","","","","","","","","","","","","","","","","","","","","",""
"resolve","이행되다, 성공적으로 처리되다","프라미스가 성공적으로 처리된 경우엔 이와 같이 번역합니다.","","","","","","","","","","","","","","","","","","","","","","",""
"resolved style value","결정값","https://developer.mozilla.org/ko/docs/Web/CSS/resolved_value","","","","","","","","","","","","","","","","","","","","","","",""
"rest parameter","나머지 매개변수","팀결정","","","","","","","","","","","","","","","","","","","","","","",""
"return","리턴","메서드의 반환값을 나타낼 때는 리턴이라고 번역했습니다","kbpark","","","","","","","","","","","","","","","","","","","","","",""
"return statement","리턴문","인사이드 자바스크립트 참고","Violet-Bora-Lee","","","","","","","","","","","","","","","","","","","","","",""
"return value","결괏값, 반환 값","","","","","","","","","","","","","","","","","","","","","","","",""
"reuse","재사용","","","","","","","","","","","","","","","","","","","","","","","",""
"root","루트","","","","","","","","","","","","","","","","","","","","","","","",""
"root domain","루트 도메인","","","","","","","","","","","","","","","","","","","","","","","",""
"Ruby","Ruby","프로그래밍 언어 이름은 번역하지 않습니다.","","","","","","","","","","","","","","","","","","","","","","",""
"run-time","런타임","","","","","","","","","","","","","","","","","","","","","","","",""
"runtime","런타임","","","","","","","","","","","","","","","","","","","","","","","",""
"Safari","Safari","브라우저는 상품명이므로 번역하지 않음","","","","","","","","","","","","","","","","","","","","","","",""
"Same Origin Policy","동일 출처 정책","https://developer.mozilla.org/ko/docs/Web/Security/Same-origin_policy","","","","","","","","","","","","","","","","","","","","","","",""
"schedule","스케줄","","Chris","","","","","","","","","","","","","","","","","","","","","",""
"scheduling","스케줄링","setTimeout 과 setInterval 같이 작업을 예약하는것","Chris","","","","","","","","","","","","","","","","","","","","","",""
"scope","스코프","전역 스코프(global scope), 블록 스코프(block scope), function scope(함수 스코프)","Violet-Bora-Lee","","","","","","","","","","","","","","","","","","","","","",""
"script","스크립트","","","","","","","","","","","","","","","","","","","","","","","",""
"section","절","","","","","","","","","","","","","","","","","","","","","","","",""
"seed","고정값","","","","","","","","","","","","","","","","","","","","","","","",""
"semicolon","세미콜론, 쌍반점","","","","","","","","","","","","","","","","","","","","","","","",""
"server-side","서버 사이드","","","","","","","","","","","","","","","","","","","","","","","",""
"setter","setter","번역 안함, 최초 등장시에만 `설정자`라고 영한 병기해줌 e.g.setter(설정자)","","","","","","","","","","","","","","","","","","","","","","",""
"settled","결정, 처리된","프라미스에서 사용, 러닝 자바스크립트 번역 참고","","","","","","","","","","","","","","","","","","","","","","",""
"shareware","셰어웨어","share를 셰어로, ware를 웨어로 표기(국립국어원 외래어 표기법 용례)","","","","","","","","","","","","","","","","","","","","","","",""
"Short-circuit evaluation","단락 회로 평가.","","","","","","","","","","","","","","","","","","","","","","","",""
"shorthand","단축 구문","method shorthand에서 사용합니다","","","","","","","","","","","","","","","","","","","","","","",""
"sibling (node)","형제 (노드)","","","","","","","","","","","","","","","","","","","","","","","",""
"side-effect","부작용","마이크로소프트 Language Portal의 Terminology Search 페이지 기반","","","","","","","","","","","","","","","","","","","","","","",""
"slash","슬래시","// 주석 등에 쓰이는 빗금을 '빗금'이라 번역하지 않고, 영문 그대로 '슬래시'로 번역","","","","","","","","","","","","","","","","","","","","","","",""
"solution","해답, 답안","","","","","","","","","","","","","","","","","","","","","","","",""
"spec","스펙","테스팅 자동화를 위해 작성하는 문서","","","","","","","","","","","","","","","","","","","","","","",""
"spec, specification","명세(서)","명세 혹은 명세서로 번역합니다","","","","","","","","","","","","","","","","","","","","","","",""
"special character","특수 문자","https://www.microsoft.com/en-us/language/Search?&searchTerm=special%20character&langID=457&Source=true&productid=0","","","","","","","","","","","","","","","","","","","","","","",""
"spread operator","전개 연산자","https://developer.mozilla.org/ko/docs/Web/JavaScript/Reference/Operators/Spread_operator","","","","","","","","","","","","","","","","","","","","","","",""
"spread syntax","전개 구문","한빛미디어 출판 가이드","","","","","","","","","","","","","","","","","","","","","","",""
"square bracket","대괄호","","","","","","","","","","","","","","","","","","","","","","","",""
"stack","스택","","","","","","","","","","","","","","","","","","","","","","","",""
"state","상태, state","React관련 주제에선 state를 번역하지 않음","","","","","","","","","","","","","","","","","","","","","","",""
"Stateful Component","유상태 컴포넌트","","","","","","","","","","","","","","","","","","","","","","","",""
"Stateless Component","무상태 컴포넌트","","","","","","","","","","","","","","","","","","","","","","","",""
"statement","문, 구문","단독으로 쓰일 땐 구문으로 번역","","","","","","","","","","","","","","","","","","","","","","",""
"static","정적","다른 문서에서 보통 ""정적""으로 표기하고 있습니다. (ex. static method = 정적 메서드)","Chris","","","","","","","","","","","","","","","","","","","","","",""
"Sticky Mode","번역 안함","","KB Park","","","","","","","","","","","","","","","","","","","","","",""
"strict mode","엄격 모드","no strict mode는 비 엄격 모드로 번역합시다.","","","","","","","","","","","","","","","","","","","","","","",""
"string, string type","문자열, 문자형","","","","","","","","","","","","","","","","","","","","","","","",""
"style","스타일","","","","","","","","","","","","","","","","","","","","","","","",""
"stylesheet","스타일시트, stylesheet","병기","","","","","","","","","","","","","","","","","","","","","","",""
"subcall","서브 호출","","","","","","","","","","","","","","","","","","","","","","","",""
"subdomain","서브 도메인","","","","","","","","","","","","","","","","","","","","","","","",""
"substring","부분 문자열","","","","","","","","","","","","","","","","","","","","","","","",""
"summary","요약","","","","","","","","","","","","","","","","","","","","","","","",""
"surrogate pair","서로게이트 쌍","번역어 없이 그냥 써로게이트 페어라고 부르는 것 같습니다. UTF-16에서 2바이트 값 2개를 결합해서 하나의 문자를 표현하는 방식이라고 합니다.

번역안함에서 '서로게이트 쌍'으로 번역으로 변경합니다.
https://www.microsoft.com/en-us/language/Search?&searchTerm=surrogate%20pair&langID=457&Source=true&productid=0","KB Park","","","","","","","","","","","","","","","","","","","","","",""
"switch","switch문","","","","","","","","","","","","","","","","","","","","","","","",""
"Symbol, symbol type","심볼, 심볼형","","","","","","","","","","","","","","","","","","","","","","","",""
"syntactic sugar","편의 문법","어떤 언어에서 제거하더라도 그 언어가 제공하는 기능과 표현력을 똑같이 유지하는 데에 아무런 노력이 필요하지 않은 구조","","","","","","","","","","","","","","","","","","","","","","",""
"syntax","문법","","","","","","","","","","","","","","","","","","","","","","","",""
"synthetic event","합성 이벤트","","","","","","","","","","","","","","","","","","","","","","","",""
"table","테이블","table태그는 테이블이라 해석, 다른 경우는 '표'와 혼용하여 사용","","","","","","","","","","","","","","","","","","","","","","",""
"tag","태그","","","","","","","","","","","","","","","","","","","","","","","",""
"tagged tamplate","태그드 템플릿","","","","","","","","","","","","","","","","","","","","","","","",""
"target","타깃","","","","","","","","","","","","","","","","","","","","","","","",""
"task","과제","","","","","","","","","","","","","","","","","","","","","","","",""
"template","템플릿","","Chris","","","","","","","","","","","","","","","","","","","","","",""
"template function","템플릿 함수","https://www.microsoft.com/en-us/language/Search?&searchTerm=template%20function&langID=457&Source=true&productid=undefined","","","","","","","","","","","","","","","","","","","","","","",""
"ternary operator","삼항 연산자","","","","","","","","","","","","","","","","","","","","","","","",""
"text field","텍스트 필드","","minseokkang8571","","","","","","","","","","","","","","","","","","","","","",""
"text node","텍스트 노드","TEXT 노드로 혼용","","","","","","","","","","","","","","","","","","","","","","",""
"third party","서드 파티","https://opendict.korean.go.kr/search/searchResult?focus_name=query&query=third+party","","","","","","","","","","","","","","","","","","","","","","",""
"Third Plugins","서드파티 플러그인","","","","","","","","","","","","","","","","","","","","","","","",""
"throttle","스로틀","국립 국어원 외래어 표기법 기반","rovin0805","","","","","","","","","","","","","","","","","","","","","",""
"throttling","스로틀링","","rovin0805","","","","","","","","","","","","","","","","","","","","","",""
"thumbnail","섬네일","외래어 표기법 상 '썸네일'이 아닌 '섬네일'로 표기","hysimok","","","","","","","","","","","","","","","","","","","","","",""
"Tick","Tick","번역 안함 / 틱으로 읽음","","","","","","","","","","","","","","","","","","","","","","",""
"time zone","표준 시간대, 시간대","https://www.microsoft.com/en-us/language/Search?&searchTerm=time%20zone&langID=457&Source=true&productid=0","","","","","","","","","","","","","","","","","","","","","","",""
"timestamp","타임스탬프","https://www.microsoft.com/en-us/language/Search?&searchTerm=timestamp&langID=457&Source=true&productid=0","","","","","","","","","","","","","","","","","","","","","","",""
"tip","팁","","","","","","","","","","","","","","","","","","","","","","","",""
"toggle","토글","토글 버튼 등","","","","","","","","","","","","","","","","","","","","","","",""
"tool","툴","","","","","","","","","","","","","","","","","","","","","","","",""
"transition","전환","","","","","","","","","","","","","","","","","","","","","","","",""
"transition","전환, 트랜지션","CSS에서의 transition은 트랜지션으로 번역하기로 결정함","dazzel3","","","","","","","","","","","","","","","","","","","","","",""
"transpile","트랜스파일","","","","","","","","","","","","","","","","","","","","","","","",""
"transpiler","트랜스파일러","","","","","","","","","","","","","","","","","","","","","","","",""
"traversal","순회","","","","","","","","","","","","","","","","","","","","","","","",""
"tree","트리","DOM 트리, DOM 트리 구조 등에서 '트리'로 번역 / 프론트엔드 개발자를 위한 자바스크립트 책 참고","Violet-Bora-Lee","","","","","","","","","","","","","","","","","","","","","",""
"tree shaking","가지치기","번들링 툴의 최적화 과정중 하나로, 사용하지 않는(import하지 않는) 코드를 삭제해 줌","","","","","","","","","","","","","","","","","","","","","","",""
"trick","편법, 트릭","편법(기술)을 사용해서 문제를 해결한다는 의미","Chris","","","","","","","","","","","","","","","","","","","","","",""
"trigger","트리거","","","","","","","","","","","","","","","","","","","","","","","",""
"true ","true","번역안함","","","","","","","","","","","","","","","","","","","","","","",""
"truthy (value)","truthy","개념이 최초로 나오는 글에서 truthy(참 같은 값)으로 영-한 병기해주고, 다른 기타 글에서는 번역하지 않음","","기존에 참 같은 값으로 번역하기로 하였다가, 번역 안함으로 변경","","","","","","","","","","","","","","","","","","","","",""
"tutorial","튜토리얼","","","","","","","","","","","","","","","","","","","","","","","",""
"type","타입, (자료)형","단독으로 쓰일 땐 타입으로 번역하지만, 다른 단어와 함께 쓰이면 (띄어쓰기 없이)'xx형'으로 번역합시다. xx type인 경우 최대한 'xx형'으로 번역합니다(e.g., 문자형, 숫자형 등).","","","","","","","","","","","","","","","","","","","","","","",""
"UI","UI","번역 안함 / 유아이라고 읽음","","","","","","","","","","","","","","","","","","","","","","",""
"undefined","undefined","번역 안함 / 언디파인드 라고 읽음","","","","","","","","","","","","","","","","","","","","","","",""
"underscore","밑줄","","","","","","","","","","","","","","","","","","","","","","","",""
"unicode character","유니코드 문자","https://www.microsoft.com/en-us/language/Search?&searchTerm=unicode%20character&langID=457&Source=true&productid=0","","","","","","","","","","","","","","","","","","","","","","",""
"unmount","마운트 해제","","","","","","","","","","","","","","","","","","","","","","","",""
"upload","업로드","","davidyang2149","","","","","","","","","","","","","","","","","","","","","",""
"url","url","번역안함","","","","","","","","","","","","","","","","","","","","","","",""
"use case","유스 케이스","","","","","","","","","","","","","","","","","","","","","","","",""
"user","사용자","","","","","","","","","","","","","","","","","","","","","","","",""
"value(s)","값(값들)","일반적으로 ""값""으로 사용","Chris","","","","","","","","","","","","","","","","","","","","","",""
"vector","벡터","","","","","","","","","","","","","","","","","","","","","","","",""
"view","뷰","","","","","","","","","","","","","","","","","","","","","","","",""
"viewport","뷰포트","https://www.microsoft.com/en-us/language/Search?&searchTerm=viewport&langID=457&Source=true&productid=0","","","","","","","","","","","","","","","","","","","","","","",""
"visitor","사용자","","","","","","","","","","","","","","","","","","","","","","","",""
"Web","Web","대문자로 된 Web의 경우 번역하지 않음 / 웹 이라고 읽음","","","","","","","","","","","","","","","","","","","","","","",""
"web component","웹 컴포넌트","","","","","","","","","","","","","","","","","","","","","","","",""
"webpack","웹팩","","","","","","","","","","","","","","","","","","","","","","","",""
"webpage(s)","웹페이지","","","","","","","","","","","","","","","","","","","","","","","",""
"WebSocket","웹소켓","","","","","","","","","","","","","","","","","","","","","","","",""
"wheel","휠","마우스의 휠","","","","","","","","","","","","","","","","","","","","","","",""
"Whoops!","에러 발생!","에러 생성자에 넘겨주는 문자열","","","","","","","","","","","","","","","","","","","","","","",""
"window","window","window 객체를 나타낼때는 번역하지 않음","","","","","","","","","","","","","","","","","","","","","","",""
"window","윈도우","","","","","","","","","","","","","","","","","","","","","","","",""
"Windows","Windows","운영체제명은 번역하지 않음","","","","","","","","","","","","","","","","","","","","","","",""
"wrapper","래퍼","","","","","","","","","","","","","","","","","","","","","","","",""
"wrapping","래핑(하는)","","","","","","","","","","","","","","","","","","","","","","","",""
"x","곱하기","KIGO 스타일 가이드","","","","","","","","","","","","","","","","","","","","","","",""
"control point","조절점","베지어 곡선에서 사용되는 점으로 곡선의 모양을 결정한다","","","","","","","","","","","","","","","","","","","","","","",""
"handshake","핸드셰이크","https://terms.tta.or.kr/dictionary/searchList.do 에서 handshake로 검색","","","","","","","","","","","","","","","","","","","","","","",""
"scrollbar","스크롤바","","","","","","","","","","","","","","","","","","","","","","","",""
"P.S.","참고:","과제 맨 하단부에 참고사항은 '참고:' 로 번역 참고사항이 여러개인 경우(P.P.S) 참고1: 참고2: 이렇게 번역","","","","","","","","","","","","","","","","","","","","","","",""
"binary","이진,  바이너리","https://www.microsoft.com/en-us/language/Search?&searchTerm=binary&langID=457&Source=true&productid=0","","","","","","","","","","","","","","","","","","","","","","",""
"inner","내부","","","","","","","","","","","","","","","","","","","","","","","",""
"extension","익스텐션","국립국어원 외래어 표기법, 한국어 어문 규범","","","","","","","","","","","","","","","","","","","","","","",""
"quantifier","수량자","https://www.microsoft.com/ko-kr/language/Search?&searchTerm=quantifier&langID=457&Source=true&productid=0","","","","","","","","","","","","","","","","","","","","","","",""
"connection","커넥션","네트워크 관련 글(웹소켓 등)에서 쓰임","","","","","","","","","","","","","","","","","","","","","","",""